<?xml version="1.0"?>
<data grt_format="2.0">
  <value _ptr_="000000001DB89690" type="list" content-type="object" content-struct-name="db.mgmt.Connection">
    <value type="object" struct-name="db.mgmt.Connection" id="{B6A0E0BF-DF9D-4ED9-A660-583C6D56EA2B}" struct-checksum="0x96ba47d8">
      <link type="object" struct-name="db.mgmt.Driver" key="driver">com.mysql.rdbms.mysql.driver.native</link>
      <value type="string" key="hostIdentifier">Mysql@localhost:3306</value>
      <value type="int" key="isDefault">0</value>
      <value _ptr_="0000000024E45A20" type="dict" key="modules"/>
      <value _ptr_="0000000024E33420" type="dict" key="parameterValues">
        <value type="string" key="DbSqlEditor:LastDefaultSchema">geripsyehr</value>
        <value type="string" key="SQL_MODE"></value>
        <value type="string" key="hostName">localhost</value>
        <value type="int" key="lastConnected">1465242718</value>
        <value type="string" key="password"></value>
        <value type="int" key="port">3306</value>
        <value type="string" key="schema">cart_default</value>
        <value type="string" key="serverVersion">5.6.27-log</value>
        <value type="string" key="sslCA">C:\Users\DANO\AppData\Roaming\MySQL\Workbench\certificates\{B6A0E0BF-DF9D-4ED9-A660-583C6D56EA2B}\ca-cert.pem</value>
        <value type="string" key="sslCert">C:\Users\DANO\AppData\Roaming\MySQL\Workbench\certificates\{B6A0E0BF-DF9D-4ED9-A660-583C6D56EA2B}\client-cert.pem</value>
        <value type="string" key="sslCipher"></value>
        <value type="string" key="sslKey">C:\Users\DANO\AppData\Roaming\MySQL\Workbench\certificates\{B6A0E0BF-DF9D-4ED9-A660-583C6D56EA2B}\client-key.pem</value>
        <value type="int" key="useSSL">1</value>
        <value type="string" key="userName">root</value>
      </value>
      <value type="string" key="name">Local instance MySQL56</value>
      <link type="object" struct-name="GrtObject" key="owner">{DFCBD220-06C4-40E6-BC51-00B405E581A4}</link>
    </value>
    <value type="object" struct-name="db.mgmt.Connection" id="{0991B83E-2D20-4185-AF42-DE86B7A9BFA4}" struct-checksum="0x96ba47d8">
      <link type="object" struct-name="db.mgmt.Driver" key="driver">com.mysql.rdbms.mysql.driver.native</link>
      <value type="string" key="hostIdentifier">Mysql@cartonomy-staging.cbbwi77lz5ic.us-west-2.rds.amazonaws.com:3306</value>
      <value type="int" key="isDefault">0</value>
      <value _ptr_="0000000024E33500" type="dict" key="modules"/>
      <value _ptr_="0000000024E33340" type="dict" key="parameterValues">
        <value type="string" key="DbSqlEditor:LastDefaultSchema">cart_default</value>
        <value type="string" key="SQL_MODE"></value>
        <value type="string" key="hostName">cartonomy-staging.cbbwi77lz5ic.us-west-2.rds.amazonaws.com</value>
        <value type="int" key="lastConnected">1457888299</value>
        <value type="string" key="password"></value>
        <value type="int" key="port">3306</value>
        <value type="string" key="schema">cart_default</value>
        <value type="string" key="serverVersion">5.6.19</value>
        <value type="string" key="sslCA"></value>
        <value type="string" key="sslCert"></value>
        <value type="string" key="sslCipher"></value>
        <value type="string" key="sslKey"></value>
        <value type="int" key="useSSL">1</value>
        <value type="string" key="userName">cartonomy</value>
      </value>
      <value type="string" key="name">CartonomyAWS</value>
      <link type="object" struct-name="GrtObject" key="owner">{DFCBD220-06C4-40E6-BC51-00B405E581A4}</link>
    </value>
    <value type="object" struct-name="db.mgmt.Connection" id="{BDF6E591-3B2B-4AD8-9FC8-20C69B8F3B33}" struct-checksum="0x96ba47d8">
      <link type="object" struct-name="db.mgmt.Driver" key="driver">com.mysql.rdbms.mysql.driver.native</link>
      <value type="string" key="hostIdentifier">Mysql@127.0.0.1:3307</value>
      <value type="int" key="isDefault">0</value>
      <value _ptr_="0000000024E32B60" type="dict" key="modules"/>
      <value _ptr_="0000000024E32310" type="dict" key="parameterValues">
        <value type="string" key="SQL_MODE"></value>
        <value type="string" key="hostName">127.0.0.1</value>
        <value type="int" key="lastConnected">1450609548</value>
        <value type="string" key="password"></value>
        <value type="int" key="port">3307</value>
        <value type="string" key="schema"></value>
        <value type="string" key="serverVersion"></value>
        <value type="string" key="sslCA"></value>
        <value type="string" key="sslCert"></value>
        <value type="string" key="sslCipher"></value>
        <value type="string" key="sslKey"></value>
        <value type="int" key="useSSL">1</value>
        <value type="string" key="userName">root</value>
      </value>
      <value type="string" key="name">XAMPP-Magento</value>
      <link type="object" struct-name="GrtObject" key="owner">{DFCBD220-06C4-40E6-BC51-00B405E581A4}</link>
    </value>
    <value type="object" struct-name="db.mgmt.Connection" id="{475A7780-D280-4A98-AA59-EEAA0B8CA647}" struct-checksum="0x96ba47d8">
      <link type="object" struct-name="db.mgmt.Driver" key="driver">com.mysql.rdbms.mysql.driver.native_sshtun</link>
      <value type="string" key="hostIdentifier">Mysql@127.0.0.1:3306@ec2-52-35-209-171.us-west-2.compute.amazonaws.com:22</value>
      <value type="int" key="isDefault">0</value>
      <value _ptr_="0000000024E32380" type="dict" key="modules"/>
      <value _ptr_="0000000024E32460" type="dict" key="parameterValues">
        <value type="string" key="DbSqlEditor:LastDefaultSchema">bitnami_magento</value>
        <value type="string" key="SQL_MODE"></value>
        <value type="string" key="hostName">127.0.0.1</value>
        <value type="int" key="lastConnected">1450359100</value>
        <value type="string" key="password"></value>
        <value type="int" key="port">3306</value>
        <value type="string" key="schema">bitnami_magento</value>
        <value type="string" key="serverVersion">5.6.27</value>
        <value type="string" key="sshHost">ec2-52-35-209-171.us-west-2.compute.amazonaws.com:22</value>
        <value type="string" key="sshKeyFile">D:\Cartonomy\safe\retry-key.pem</value>
        <value type="string" key="sshPassword"></value>
        <value type="string" key="sshUserName">bitnami</value>
        <value type="string" key="sslCA"></value>
        <value type="string" key="sslCert"></value>
        <value type="string" key="sslCipher"></value>
        <value type="string" key="sslKey"></value>
        <value type="int" key="useSSL">1</value>
        <value type="string" key="userName">bn_magento</value>
      </value>
      <value type="string" key="name">MagentoAWS</value>
      <link type="object" struct-name="GrtObject" key="owner">{DFCBD220-06C4-40E6-BC51-00B405E581A4}</link>
    </value>
    <value type="object" struct-name="db.mgmt.Connection" id="{B6E19A61-3104-446E-AF0C-C6F14D180458}" struct-checksum="0x96ba47d8">
      <link type="object" struct-name="db.mgmt.Driver" key="driver">com.mysql.rdbms.mysql.driver.native</link>
      <value type="string" key="hostIdentifier">Mysql@127.0.0.1:3306</value>
      <value type="int" key="isDefault">0</value>
      <value _ptr_="0000000024E322A0" type="dict" key="modules"/>
      <value _ptr_="0000000024E32850" type="dict" key="parameterValues">
        <value type="string" key="DbSqlEditor:LastDefaultSchema"></value>
        <value type="string" key="SQL_MODE"></value>
        <value type="string" key="hostName">127.0.0.1</value>
        <value type="int" key="lastConnected">1503528881</value>
        <value type="string" key="password"></value>
        <value type="int" key="port">3306</value>
        <value type="string" key="schema">ccpoints</value>
        <value type="string" key="serverVersion">5.6.27-log</value>
        <value type="string" key="sslCA"></value>
        <value type="string" key="sslCert"></value>
        <value type="string" key="sslCipher"></value>
        <value type="string" key="sslKey"></value>
        <value type="int" key="useSSL">1</value>
        <value type="string" key="userName">root</value>
      </value>
      <value type="string" key="name">CCPoints</value>
      <link type="object" struct-name="GrtObject" key="owner">{DFCBD220-06C4-40E6-BC51-00B405E581A4}</link>
    </value>
    <value type="object" struct-name="db.mgmt.Connection" id="{9ACE86D6-DE48-4A8E-9AF5-148C59537906}" struct-checksum="0x96ba47d8">
      <link type="object" struct-name="db.mgmt.Driver" key="driver">com.mysql.rdbms.mysql.driver.native</link>
      <value type="string" key="hostIdentifier">Mysql@127.0.0.1:3470</value>
      <value type="int" key="isDefault">0</value>
      <value _ptr_="0000000024E32A80" type="dict" key="modules"/>
      <value _ptr_="0000000024E32AF0" type="dict" key="parameterValues">
        <value type="string" key=""></value>
        <value type="string" key="DbSqlEditor:LastDefaultSchema"></value>
        <value type="string" key="SQL_MODE"></value>
        <value type="string" key="hostName">127.0.0.1</value>
        <value type="int" key="lastConnected">1503776762</value>
        <value type="string" key="password"></value>
        <value type="int" key="port">3470</value>
        <value type="string" key="schema">ccpoints</value>
        <value type="string" key="serverVersion"></value>
        <value type="string" key="sslCA"></value>
        <value type="string" key="sslCert"></value>
        <value type="string" key="sslCipher"></value>
        <value type="string" key="sslKey"></value>
        <value type="int" key="useSSL">1</value>
        <value type="string" key="userName">root</value>
      </value>
      <value type="string" key="name">ccapi</value>
      <link type="object" struct-name="GrtObject" key="owner">{DFCBD220-06C4-40E6-BC51-00B405E581A4}</link>
    </value>
    <value type="object" struct-name="db.mgmt.Connection" id="{EAC3FB0B-7A70-4AD3-8212-88ECD5B32D4B}" struct-checksum="0x96ba47d8">
      <link type="object" struct-name="db.mgmt.Driver" key="driver">com.mysql.rdbms.mysql.driver.native</link>
      <value type="string" key="hostIdentifier">Mysql@127.0.0.1:3306</value>
      <value type="int" key="isDefault">1</value>
      <value _ptr_="0000000024C5D4F0" type="dict" key="modules"/>
      <value _ptr_="0000000024C5DAA0" type="dict" key="parameterValues">
        <value type="string" key="SQL_MODE"></value>
        <value type="string" key="hostName">127.0.0.1</value>
        <value type="string" key="password"></value>
        <value type="int" key="port">3306</value>
        <value type="string" key="schema">ccpoints</value>
        <value type="string" key="sslCA"></value>
        <value type="string" key="sslCert"></value>
        <value type="string" key="sslCipher"></value>
        <value type="string" key="sslKey"></value>
        <value type="int" key="useSSL">1</value>
        <value type="string" key="userName">root</value>
      </value>
      <value type="string" key="name">ccapi_win</value>
      <link type="object" struct-name="GrtObject" key="owner">{DFCBD220-06C4-40E6-BC51-00B405E581A4}</link>
    </value>
  </value>
</data>
