<?xml version="1.0"?>
<data grt_format="2.0">
  <value _ptr_="000000001DB89850" type="list" content-type="object" content-struct-name="db.mgmt.ServerInstance">
    <value type="object" struct-name="db.mgmt.ServerInstance" id="{03620FD1-9F65-4A16-8CC7-774F0012BD9A}" struct-checksum="0x367436e2">
      <link type="object" struct-name="db.mgmt.Connection" key="connection">{B6A0E0BF-DF9D-4ED9-A660-583C6D56EA2B}</link>
      <value _ptr_="0000000024E32A10" type="dict" key="loginInfo">
        <value type="string" key="wmi.hostName"></value>
        <value type="string" key="wmi.userName"></value>
      </value>
      <value _ptr_="0000000024E3DEC0" type="dict" key="serverInfo">
        <value type="string" key="basedir">C:\Program Files\MySQL\MySQL Server 5.6\</value>
        <value type="string" key="datadir">C:\ProgramData\MySQL\MySQL Server 5.6\Data\</value>
        <value type="string" key="detected_os_name">Windows 10 Home</value>
        <value type="string" key="detected_os_type">windows</value>
        <value type="string" key="detected_os_variant">Windows</value>
        <value type="string" key="detected_os_version">Microsoft Windows [Version 10.0.10240]</value>
        <value type="string" key="errorLogFilePath">DMO1.err</value>
        <value type="string" key="generalLogFilePath">DMO1.log</value>
        <value type="string" key="serverVersion">5.6.27-log</value>
        <value type="int" key="setupPending">0</value>
        <value type="int" key="slowLogEnabled">1</value>
        <value type="string" key="slowLogFilePath">DMO1-slow.log</value>
        <value type="string" key="sys.config.path">C:\ProgramData\MySQL\MySQL Server 5.6\my.ini</value>
        <value type="int" key="sys.config.path.lock">1</value>
        <value type="string" key="sys.config.section">mysqld</value>
        <value type="string" key="sys.mysqld.service_name">MySQL56</value>
        <value type="string" key="sys.preset">Custom</value>
        <value type="string" key="sys.sudo"></value>
        <value type="string" key="sys.system">Windows</value>
        <value type="int" key="sys.usesudo">1</value>
        <value type="int" key="sys.usesudostatus">0</value>
        <value type="int" key="windowsAdmin">1</value>
      </value>
      <value type="string" key="name">Local MySQL56</value>
    </value>
    <value type="object" struct-name="db.mgmt.ServerInstance" id="{47370F96-5925-42A8-9F0D-AAEB1A2F277C}" struct-checksum="0x367436e2">
      <link type="object" struct-name="db.mgmt.Connection" key="connection">{0991B83E-2D20-4185-AF42-DE86B7A9BFA4}</link>
      <value _ptr_="0000000024E3C950" type="dict" key="loginInfo">
        <value type="string" key="ssh.hostName">cartonomy-staging.cbbwi77lz5ic.us-west-2.rds.amazonaws.com</value>
        <value type="string" key="ssh.key">C:\Users\DANO\AppData\Roaming/.ssh/ssh_private_key</value>
        <value type="string" key="ssh.localPort">3306</value>
        <value type="string" key="ssh.port">3306</value>
        <value type="string" key="ssh.tunnelPort">3306</value>
        <value type="int" key="ssh.useKey">0</value>
        <value type="string" key="ssh.userName">cartonomy</value>
        <value type="string" key="wmi.hostName">cartonomy-staging.cbbwi77lz5ic.us-west-2.rds.amazonaws.com</value>
        <value type="string" key="wmi.userName">cartonomy</value>
      </value>
      <value _ptr_="0000000024E3C6B0" type="dict" key="serverInfo">
        <value type="string" key="serverVersion">5.1</value>
        <value type="int" key="setupPending">0</value>
        <value type="string" key="sys.config.path">/etc/my.cnf</value>
        <value type="string" key="sys.config.section">mysqld</value>
        <value type="string" key="sys.mysqld.service_name">MySQL</value>
        <value type="string" key="sys.mysqld.start">/bin/systemctl start mysqld</value>
        <value type="string" key="sys.mysqld.stop">/bin/systemctl stop mysqld</value>
        <value type="string" key="sys.preset">Fedora Linux (MySQL Package)</value>
        <value type="string" key="sys.sudo"></value>
        <value type="string" key="sys.system">Linux</value>
        <value type="int" key="sys.usesudo">1</value>
        <value type="int" key="windowsAdmin">1</value>
      </value>
      <value type="string" key="name">CartonomyAWS</value>
    </value>
    <value type="object" struct-name="db.mgmt.ServerInstance" id="{6E4A8088-C8F2-4CBB-973D-A1D5ED663FAE}" struct-checksum="0x367436e2">
      <link type="object" struct-name="db.mgmt.Connection" key="connection">{BDF6E591-3B2B-4AD8-9FC8-20C69B8F3B33}</link>
      <value _ptr_="0000000024E3C8E0" type="dict" key="loginInfo">
        <value type="string" key="ssh.hostName"></value>
        <value type="string" key="ssh.key">C:\Users\DANO\AppData\Roaming/.ssh/ssh_private_key</value>
        <value type="string" key="ssh.localPort">3306</value>
        <value type="int" key="ssh.useKey">0</value>
        <value type="string" key="ssh.userName">mysql</value>
      </value>
      <value _ptr_="0000000024E3D360" type="dict" key="serverInfo">
        <value type="string" key="detected_os_name">Windows 10 Home</value>
        <value type="string" key="detected_os_type">windows</value>
        <value type="string" key="detected_os_variant">Windows</value>
        <value type="string" key="detected_os_version">Microsoft Windows [Version 10.0.10586]</value>
        <value type="string" key="serverVersion">10.1.8-MariaDB</value>
        <value type="int" key="setupPending">0</value>
        <value type="string" key="sys.config.path">%ProgramFiles%\MySQL\MySQL Server 5.0\my.ini</value>
        <value type="string" key="sys.config.section">mysqld</value>
        <value type="string" key="sys.mysqld.service_name">MySQL</value>
        <value type="string" key="sys.mysqld.start">sc start mysql</value>
        <value type="string" key="sys.mysqld.stop">sc stop mysql</value>
        <value type="string" key="sys.sudo"></value>
        <value type="string" key="sys.system">Windows</value>
        <value type="int" key="sys.usesudo">1</value>
        <value type="int" key="sys.usesudostatus">0</value>
        <value type="int" key="windowsAdmin">1</value>
      </value>
      <value type="string" key="name">XAMPP-Magento</value>
    </value>
    <value type="object" struct-name="db.mgmt.ServerInstance" id="{B1C92D38-F228-458B-8196-D0839C72F02E}" struct-checksum="0x367436e2">
      <link type="object" struct-name="db.mgmt.Connection" key="connection">{475A7780-D280-4A98-AA59-EEAA0B8CA647}</link>
      <value _ptr_="0000000024E3D4B0" type="dict" key="loginInfo">
        <value type="string" key="ssh.hostName">ec2-52-35-209-171.us-west-2.compute.amazonaws.com</value>
        <value type="string" key="ssh.key"></value>
        <value type="string" key="ssh.localPort">3306</value>
        <value type="int" key="ssh.useKey">0</value>
        <value type="string" key="ssh.userName">bn_magento</value>
        <value type="string" key="wmi.hostName">ec2-52-35-209-171.us-west-2.compute.amazonaws.com</value>
        <value type="string" key="wmi.userName">bn_magento</value>
      </value>
      <value _ptr_="0000000024E3DE50" type="dict" key="serverInfo">
        <value type="string" key="serverVersion">5.1</value>
        <value type="int" key="setupPending">0</value>
        <value type="string" key="sys.config.path">/etc/my.cnf</value>
        <value type="string" key="sys.config.section">mysqld</value>
        <value type="string" key="sys.mysqld.service_name">MySQL</value>
        <value type="string" key="sys.mysqld.start">/bin/systemctl start mysqld</value>
        <value type="string" key="sys.mysqld.stop">/bin/systemctl stop mysqld</value>
        <value type="string" key="sys.preset">Fedora Linux (MySQL Package)</value>
        <value type="string" key="sys.sudo"></value>
        <value type="string" key="sys.system">Linux</value>
        <value type="int" key="sys.usesudo">1</value>
        <value type="int" key="windowsAdmin">1</value>
      </value>
      <value type="string" key="name">MagentoAWS</value>
    </value>
    <value type="object" struct-name="db.mgmt.ServerInstance" id="{4E6152BE-9DF7-43EA-AD17-3441A8B2B932}" struct-checksum="0x367436e2">
      <link type="object" struct-name="db.mgmt.Connection" key="connection">{B6E19A61-3104-446E-AF0C-C6F14D180458}</link>
      <value _ptr_="0000000024E3D9F0" type="dict" key="loginInfo">
        <value type="string" key="ssh.hostName"></value>
        <value type="string" key="ssh.key">C:\Users\DANO\AppData\Roaming/.ssh/ssh_private_key</value>
        <value type="string" key="ssh.localPort">3306</value>
        <value type="int" key="ssh.useKey">0</value>
        <value type="string" key="ssh.userName">mysql</value>
      </value>
      <value _ptr_="0000000024E3C870" type="dict" key="serverInfo">
        <value type="string" key="basedir">C:\Program Files\MySQL\MySQL Server 5.6\</value>
        <value type="string" key="datadir">C:\ProgramData\MySQL\MySQL Server 5.6\Data\</value>
        <value type="string" key="errorLogFilePath">DMO1.err</value>
        <value type="string" key="generalLogFilePath">DMO1.log</value>
        <value type="string" key="serverVersion">5.6.27-log</value>
        <value type="int" key="setupPending">0</value>
        <value type="int" key="slowLogEnabled">1</value>
        <value type="string" key="slowLogFilePath">DMO1-slow.log</value>
        <value type="string" key="sys.config.path">%ProgramFiles%\MySQL\MySQL Server 5.0\my.ini</value>
        <value type="string" key="sys.config.section">mysqld</value>
        <value type="string" key="sys.mysqld.service_name">MySQL</value>
        <value type="string" key="sys.mysqld.start">sc start mysql</value>
        <value type="string" key="sys.mysqld.stop">sc stop mysql</value>
        <value type="string" key="sys.sudo"></value>
        <value type="string" key="sys.system">Windows</value>
        <value type="int" key="sys.usesudo">1</value>
        <value type="int" key="sys.usesudostatus">0</value>
        <value type="int" key="windowsAdmin">1</value>
      </value>
      <value type="string" key="name">CCPoints</value>
    </value>
    <value type="object" struct-name="db.mgmt.ServerInstance" id="{136C0CCD-94A1-4B7C-8EB3-7903C7F78ACB}" struct-checksum="0x367436e2">
      <link type="object" struct-name="db.mgmt.Connection" key="connection">{B6A0E0BF-DF9D-4ED9-A660-583C6D56EA2B}</link>
      <value _ptr_="0000000024E3D280" type="dict" key="loginInfo">
        <value type="string" key="wmi.hostName"></value>
        <value type="string" key="wmi.userName"></value>
      </value>
      <value _ptr_="0000000024E3D2F0" type="dict" key="serverInfo">
        <value type="int" key="setupPending">1</value>
        <value type="string" key="sys.config.path">C:\ProgramData\MySQL\MySQL Server 5.6\my.ini</value>
        <value type="int" key="sys.config.path.lock">1</value>
        <value type="string" key="sys.config.section">mysqld</value>
        <value type="string" key="sys.mysqld.service_name">MySQL56</value>
        <value type="string" key="sys.preset">Custom</value>
        <value type="string" key="sys.system">Windows</value>
        <value type="int" key="windowsAdmin">1</value>
      </value>
      <value type="string" key="name">Local MySQL56</value>
    </value>
    <value type="object" struct-name="db.mgmt.ServerInstance" id="{AD39364B-C1F8-4A17-AE33-90948797036D}" struct-checksum="0x367436e2">
      <link type="object" struct-name="db.mgmt.Connection" key="connection">{9ACE86D6-DE48-4A8E-9AF5-148C59537906}</link>
      <value _ptr_="0000000024E3C790" type="dict" key="loginInfo">
        <value type="string" key="ssh.hostName"></value>
        <value type="string" key="ssh.key">C:\Users\DANO\AppData\Roaming/.ssh/ssh_private_key</value>
        <value type="string" key="ssh.localPort">3306</value>
        <value type="int" key="ssh.useKey">0</value>
        <value type="string" key="ssh.userName">mysql</value>
      </value>
      <value _ptr_="0000000024E3C640" type="dict" key="serverInfo">
        <value type="string" key="detected_os_name">Windows 10 Home</value>
        <value type="string" key="detected_os_type">windows</value>
        <value type="string" key="detected_os_variant">Windows</value>
        <value type="string" key="detected_os_version">Microsoft Windows [Version 10.0.15063]</value>
        <value type="string" key="serverVersion">5.7.19-0ubuntu0.16.04.1-log</value>
        <value type="int" key="setupPending">0</value>
        <value type="string" key="sys.config.path">%ProgramData%\MySQL\MySQL Server 5.7\my.ini</value>
        <value type="string" key="sys.config.section">mysqld</value>
        <value type="string" key="sys.mysqld.service_name">MySQL57</value>
        <value type="string" key="sys.mysqld.start">sc start mysql</value>
        <value type="string" key="sys.mysqld.stop">sc stop mysql</value>
        <value type="string" key="sys.sudo"></value>
        <value type="string" key="sys.system">Windows</value>
        <value type="int" key="sys.usesudo">1</value>
        <value type="int" key="sys.usesudostatus">0</value>
        <value type="int" key="windowsAdmin">1</value>
      </value>
      <value type="string" key="name">ccapi</value>
    </value>
    <value type="object" struct-name="db.mgmt.ServerInstance" id="{71957CC6-2137-40D4-B8D1-7945D50DD01A}" struct-checksum="0x367436e2">
      <link type="object" struct-name="db.mgmt.Connection" key="connection">{D0DFF1C3-04A5-4567-8C61-9B64C2B0FB4A}</link>
      <value _ptr_="0000000028E8D430" type="dict" key="loginInfo">
        <value type="string" key="ssh.hostName"></value>
        <value type="string" key="ssh.key">C:\Users\DANO\AppData\Roaming/.ssh/ssh_private_key</value>
        <value type="string" key="ssh.localPort">3306</value>
        <value type="int" key="ssh.useKey">0</value>
        <value type="string" key="ssh.userName">mysql</value>
      </value>
      <value _ptr_="0000000028E8D7B0" type="dict" key="serverInfo">
        <value type="string" key="serverVersion">5.6</value>
        <value type="int" key="setupPending">1</value>
        <value type="string" key="sys.config.path">%ProgramData%\MySQL\MySQL Server 5.6\my.ini</value>
        <value type="string" key="sys.config.section">mysqld</value>
        <value type="string" key="sys.mysqld.service_name">MySQL</value>
        <value type="string" key="sys.mysqld.start">sc start mysql</value>
        <value type="string" key="sys.mysqld.stop">sc stop mysql</value>
        <value type="string" key="sys.system">Windows</value>
        <value type="int" key="sys.usesudo">1</value>
        <value type="int" key="windowsAdmin">1</value>
      </value>
      <value type="string" key="name"></value>
      <link type="object" struct-name="GrtObject" key="owner">{DFCBD220-06C4-40E6-BC51-00B405E581A4}</link>
    </value>
  </value>
</data>
